id,nombre,domicilio,telefono,email,web,tipo,calle,altura,direccion,Long,Lat
519,RESIDENCIA GODOY CRUZ,GODOY CRUZ 2944,4772-3000,residencia@amcirse.org.ar,,Hospedaje,GODOY CRUZ,2944,GODOY CRUZ 2944,-58.423159,-34.576324
518,HOTEL SAN MARTIN,CALLAO AV. 327,4371-6450,hotelsanmartin1@yahoo.com.ar,,Hospedaje,CALLAO,327,CALLAO AV. 327,-58.392120,-34.605393
517,HOTEL GRAN SARMIENTO,SARMIENTO 1892,4374-2764,hotelgransarmiento@infovia.com.ar,http://www.hotelgransarmientoba.com/,Hospedaje,SARMIENTO,1892,SARMIENTO 1892,-58.393456,-34.605774
516,HOTEL REY SA,COMBATE DE LOS POZOS 469,4942-8412,info@hotel-rey.com.ar,http://www.hotel-rey.com.ar/,Hospedaje,COMBATE DE LOS POZOS,469,COMBATE DE LOS POZOS 469,-58.393266,-34.614717
515,HOTEL O'REI,LAVALLE 733,4393-7186,info@hotelorei.com.ar,http://www.hotelorei.com.ar/,Hospedaje,LAVALLE,733,LAVALLE 733,-58.377167,-34.602326
514,HOTEL COLONIAL,24 DE NOVIEMBRE 229,4931-3104,,http://www.hotelcolonialbaires.com.ar/,Hospedaje,24 DE NOVIEMBRE,229,24 DE NOVIEMBRE 229,-58.411445,-34.613466
513,JUNCAL PALACE HOTEL,JUNCAL 2282,4821-2770,,,Hospedaje,JUNCAL,2282,JUNCAL 2282,-58.399665,-34.592166