periodo,long,lat,nro_registro,rubro,establecimiento,telefono,mail,facebook,web,calle,altura,barrio,comuna,codigo_postal,codigo_postal_argentino
201905,-58.370839,-34.625306,RPT-70-2005,Restaurante,RESTAURANTE LEZAMA,4361-0114,NO TIENE,NO TIENE,NO TIENE,BRASIL AV.,359,San Telmo,Comuna 1,1154,
201905,-58.451059,-34.566899,RL-2018-13126887- -DGCCO,Restaurante,FURCHI ARTESANAL HELADOS,4783-1689,NO TIENE,NO TIENE,NO TIENE,CABILDO AV.,1508,Colegiales,Comuna 13,1426,C1426ABP
201905,-58.366324,-34.609863,RPT-02-G-2015,Restaurante,RESTAURANTE PUERTO CRISTAL,4331-3669,consultas@puerto-cristal.com.ar,NO TIENE,www.puerto-cristal.com.ar,"MOREAU DE JUSTO, ALICIA AV.",1082,Puerto Madero,Comuna 1,1107,
201905,-58.370618,-34.612666,RPT-046-2005,Tanguería,LA VENTANA,4331-0217 /  4334-1314/16,info@laventanaweb.com,NO TIENE,www.laventanaweb.com.ar,BALCARCE,425,Monserrat,Comuna 1,1064,
201905,-58.362549,-34.624288,RPT-10-G-2014,Tanguería,MADERO TANGO,5032-9932 / 3,administracion2@maderotango.com.ar,https://www.facebook.com/maderotango,www.maderotango.com,"RAWSON DE DELLEPIANE, ELVIRA AV.",150,Puerto Madero,Comuna 1,1107,
201905,-58.370595,-34.612026,RL-2018-28680151--DGCCO,Bar Temático,PRIDE CAFÉ,4300-6435,pridecafe@live.com,https://www.facebook.com/roloaz/,NO TIENE,BALCARCE,369,Monserrat,Comuna 1,1064,
201905,-58.420897,-34.594225,RL-2018-25703246- -DGCCO,Bar Temático,MARICAFÉ,113982-5878,hola@maricafe.com.ar,https://www.facebook.com/maricafeok/,www.maricafe.com.ar,HONDURAS AV.,4096,Palermo,Comuna 14,1180,
