periodo,long,lat,nro_registro,rubro,establecimiento,telefono,mail,facebook,web,calle,altura,barrio,comuna,codigo_postal,codigo_postal_argentino
201905,-58.393413,-34.585731,RPT-048-2007,Bar Temático,HARD ROCK CAFÉ BUENOS AIRES,4807-7625,ventas@hardrockcafe.com,NO TIENE,www.hardrock.com/buenosaires,AZCUENAGA,2085,Recoleta,Comuna 2,1128,C1128AAI
201905,-58.484998,-34.575294,RL-2017-24098516- -DGCCO,Gastronomía,HELADERÍA ITALIA,4521-0857,heladeriaitalia@gmail.com,https://www.facebook.com/heladeriaitaliaurquiza/,http://www.heladeria-italia.com.ar/,TRIUNVIRATO AV.,4546,Villa Urquiza,Comuna 12,1431,C1431FBV
201905,-58.428964,-34.586678,09/G/2015,Restaurante Temático,HOLA JACOBA,4833-5858,info@holajacoba.com.ar,NO TIENE,www.holajacoba.com.ar,THAMES,1801,Palermo,Comuna 14,1414,C1414DDK
201905,-58.362275,-34.632870,RL-2019-05375200--DGDTU,Restaurante,IL MATTERELLO,4300-5385,ilmatterellolb@gmail.com,https://www.facebook.com/ilmatterellolaboca/,NO TIENE,"RODRIGUEZ, MARTIN",517,Boca,Comuna 4,1159,C1159ADC
